Item 1,Item 1,2020-06-02,reka turebe nimba birya,Checked In
Item 1,Item 1,2020-06-02,nawe rya turebe,Checked Out
Item 1,Item 1,2020-06-02,wewww,Checked In
ok as,JAVA by Arthur,2020-05-02,aaa,Checked In
ok as,JAVA by Arthur,2020-05-02,aa,Checked Out
Manzi Alvin,Sharlotes Web by John Webster,2020-09-02,w,Checked Out
ok as,JAVA by Arthur,2020-02-02,ee,Checked Out
21 21,The Purpose of Life by Calvin Klein,2020-06-02,xdx,Checked In
Manzi Alvin,Nanny McPhee by Andrew Hopkins,2020-05-06,gfkjfkfyuykfukuyf,Checked In
Manzi Alvin,Sharlotes Web by John Webster,2020-05-08,ffkk,Checked Out
Manzi Alvin,Me  be,2020-05-06,ddedede,Checked In
